<?xml version="1.0" encoding="UTF-8"?>
<!DOCTYPE suite SYSTEM "https://testng.org/testng-1.0.dtd">
<suite guice-stage="DEVELOPMENT" name="Default suite">
  <test thread-count="5" verbose="2" name="Default test">
    <classes>
      <class name="Suites.Registration_Testcase"/>
       <class name="Suites.Forgot_password_Testcase"/>
        <class name="Suites.Login_Testcase"/>
         <class name="Suites.Contact_Us_TestCase"/>
    </classes>
  </test> <!-- Default test -->
</suite> <!-- Default suite -->
            

   